Bib	Name	First name	Last name	Category	Gender	Time	Lap 1	Lap 2	Lap 3	Lap 4	Lap 5	Lap 6	Lap 7	Lap 8	Lap 9	Lap 10	Lap 11	Lap 12	Lap 13	Lap 14	Lap 15	Start	Split 1	Split 2	Split 3	Split 4	Split 5	Split 6	Split 7	Split 8	Split 9	Split 10	Split 11	Split 12	Split 13	Split 14	Split 15
49	Nate Jaqua	Nate	Jaqua	40-49	Male	21:45:02	1:21:51	1:01:52	1:23:49	1:28:21	1:07:30	1:29:03	1:32:38	1:09:08	1:31:08	1:42:33	1:16:01	1:46:37	1:50:03	1:22:22	1:42:05	-	1:21:51	2:23:44	3:47:33	5:15:53	6:23:23	7:52:27	9:25:04	10:34:12	12:05:21	13:47:54	15:03:55	16:50:33	18:40:36	20:02:58	21:45:03
53	Tyler Juza	Tyler	Juza	30-39	Male	22:13:28	1:12:27	0:58:04	1:18:24	1:31:04	1:09:38	1:30:32	1:35:10	1:17:14	1:36:55	1:43:42	1:22:23	1:45:55	1:54:01	1:27:13	1:50:43	-	1:12:28	2:10:32	3:28:56	5:00:00	6:09:38	7:40:11	9:15:21	10:32:35	12:09:31	13:53:13	15:15:36	17:01:31	18:55:32	20:22:45	22:13:28
104	Riley Robertson	Riley	Robertson	30-39	Male	22:33:08	1:22:36	1:02:51	1:20:07	1:26:32	1:10:59	1:32:53	1:37:13	1:14:24	1:38:08	1:43:40	1:19:54	1:51:58	1:56:35	1:26:14	1:49:05	-	1:22:37	2:25:28	3:45:34	5:12:06	6:23:05	7:55:57	9:33:10	10:47:34	12:25:42	14:09:22	15:29:16	17:21:14	19:17:49	20:44:03	22:33:08
106	Michito Sawa	Michito	Sawa	40-49	Male	23:25:37	1:26:11	0:59:23	1:22:10	1:28:19	1:04:41	1:29:24	1:42:11	1:14:48	1:40:29	1:51:52	1:19:49	1:52:41	2:05:28	1:30:49	2:17:21	-	1:26:11	2:25:34	3:47:45	5:16:04	6:20:45	7:50:09	9:32:21	10:47:08	12:27:37	14:19:30	15:39:19	17:32:00	19:37:28	21:08:16	23:25:37
19	Alyssa Clark	Alyssa	Clark	30-39	Female	23:26:32	1:21:08	1:04:16	1:30:17	1:34:30	1:10:33	1:31:45	1:35:31	1:13:38	1:41:48	1:49:07	1:23:48	1:53:07	2:01:40	1:32:26	2:02:57	-	1:21:09	2:25:25	3:55:42	5:30:12	6:40:45	8:12:31	9:48:02	11:01:40	12:43:29	14:32:35	15:56:23	17:49:30	19:51:10	21:23:36	23:26:33
80	Oskar Michalak	Oskar	Michalak	40-49	Male	24:49:51	1:17:29	1:00:24	1:22:29	1:30:26	1:16:10	1:42:35	1:56:39	1:22:52	1:48:40	1:58:19	1:36:46	2:06:12	2:23:37	1:36:42	1:50:30	-	1:17:29	2:17:53	3:40:22	5:10:48	6:26:59	8:09:34	10:06:13	11:29:05	13:17:45	15:16:03	16:52:50	18:59:02	21:22:39	22:59:21	24:49:51
27	Ian Farris	Ian	Farris	40-49	Male	25:16:59	1:40:16	1:12:14	1:37:24	1:41:51	1:13:03	1:37:59	1:45:55	1:19:44	1:49:55	1:54:50	1:22:13	1:51:06	2:11:35	1:41:58	2:16:55	-	1:40:17	2:52:31	4:29:54	6:11:45	7:24:48	9:02:47	10:48:43	12:08:27	13:58:23	15:53:13	17:15:26	19:06:31	21:18:06	23:00:04	25:16:59
136	Takeshi Yamada	Takeshi	Yamada	50-59	Male	25:39:49	1:30:44	1:09:48	1:34:14	1:39:35	1:14:53	1:42:53	1:52:49	1:23:59	1:49:32	2:00:33	1:32:43	2:04:11	2:16:37	1:40:04	2:07:13	-	1:30:45	2:40:32	4:14:46	5:54:21	7:09:14	8:52:07	10:44:56	12:08:55	13:58:27	15:59:00	17:31:43	19:35:54	21:52:32	23:32:36	25:39:49
121	Andrea Tarras	Andrea	Tarras	40-49	Female	25:51:10	1:34:40	1:14:46	1:40:22	1:50:37	1:26:20	1:54:49	2:06:52	1:17:57	1:52:01	1:52:29	1:30:11	1:59:21	1:59:23	1:32:30	1:58:52	-	1:34:41	2:49:27	4:29:49	6:20:25	7:46:45	9:41:35	11:48:26	13:06:23	14:58:25	16:50:53	18:21:04	20:20:25	22:19:48	23:52:18	25:51:10
43	Isaiah Hemmen	Isaiah	Hemmen	40-49	Male	26:17:18	1:31:34	1:08:54	1:33:59	1:42:21	1:20:55	1:44:01	1:54:01	1:29:21	1:58:18	2:09:15	1:37:03	2:09:07	2:16:27	1:39:47	2:02:15	-	1:31:34	2:40:28	4:14:27	5:56:48	7:17:43	9:01:44	10:55:45	12:25:06	14:23:25	16:32:40	18:09:42	20:18:50	22:35:17	24:15:03	26:17:18
20	Nathan Cogswell	Nathan	Cogswell	40-49	Male	26:49:26	1:36:45	1:15:08	1:36:03	1:44:46	1:19:32	1:47:29	1:53:49	1:28:36	1:57:15	2:11:07	1:33:13	2:12:26	2:19:52	1:45:11	2:08:14	-	1:36:45	2:51:54	4:27:57	6:12:43	7:32:15	9:19:44	11:13:32	12:42:09	14:39:23	16:50:31	18:23:44	20:36:09	22:56:02	24:41:12	26:49:26
84	Takeshi Noda	Takeshi	Noda	40-49	Male	27:36:46	1:40:14	1:12:32	1:32:53	1:47:06	1:14:31	1:42:23	2:03:01	1:43:50	2:07:26	2:22:55	1:43:42	2:16:14	2:33:07	1:41:31	1:55:20	-	1:40:14	2:52:47	4:25:40	6:12:46	7:27:17	9:09:40	11:12:41	12:56:32	15:03:58	17:26:53	19:10:35	21:26:48	23:59:55	25:41:26	27:36:47
134	Connor Wood	Connor	Wood	30-39	Male	27:54:56	1:32:12	1:09:17	1:35:57	1:51:09	1:17:10	1:44:58	1:54:11	1:29:38	2:06:49	2:14:04	1:45:08	2:29:22	2:39:49	1:56:34	2:08:39	-	1:32:12	2:41:29	4:17:26	6:08:35	7:25:45	9:10:43	11:04:54	12:34:32	14:41:21	16:55:24	18:40:32	21:09:54	23:49:43	25:46:18	27:54:57
18	Andrew Cassano	Andrew	Cassano	40-49	Male	28:14:38	1:46:27	1:16:23	1:35:56	1:44:59	1:20:21	1:47:33	2:03:52	1:31:44	2:00:48	2:21:37	1:49:32	2:09:29	2:33:39	1:50:23	2:21:56	-	1:46:27	3:02:50	4:38:46	6:23:45	7:44:06	9:31:39	11:35:30	13:07:14	15:08:02	17:29:40	19:19:12	21:28:40	24:02:19	25:52:43	28:14:38
40	Nicholas Hamilton	Nicholas	Hamilton	40-49	Male	28:19:51	1:35:25	1:32:43	1:40:07	1:49:12	1:19:57	1:49:33	2:03:16	1:35:14	2:07:08	2:15:42	1:42:26	2:22:41	2:38:45	1:41:28	2:06:14	-	1:35:25	3:08:08	4:48:15	6:37:28	7:57:25	9:46:58	11:50:14	13:25:27	15:32:35	17:48:17	19:30:43	21:53:24	24:32:10	26:13:38	28:19:52
13	Candice Burt	Candice	Burt	40-49	Female	28:29:43	1:34:36	1:14:43	1:40:28	1:48:49	1:26:20	1:49:19	1:50:13	1:27:56	1:59:03	1:59:19	1:37:56	2:23:37	2:32:41	2:06:11	2:58:30	-	1:34:37	2:49:20	4:29:48	6:18:37	7:44:57	9:34:16	11:24:30	12:52:26	14:51:28	16:50:48	18:28:44	20:52:21	23:25:02	25:31:13	28:29:43
90	Charles Perin	Charles	Perin	40-49	Male	28:38:30	1:32:05	1:13:56	1:34:29	1:46:37	1:17:32	1:42:45	2:00:02	1:26:36	1:59:13	2:19:41	1:47:41	2:46:06	3:04:06	1:46:18	2:21:23	-	1:32:05	2:46:01	4:20:30	6:07:07	7:24:39	9:07:24	11:07:26	12:34:02	14:33:15	16:52:56	18:40:37	21:26:43	24:30:49	26:17:07	28:38:30
116	Chase Stock	Chase	Stock	40-49	Male	28:48:37	1:36:00	1:17:31	1:53:04	2:05:45	1:30:41	2:03:26	2:13:12	1:36:12	2:13:01	2:18:32	1:40:13	2:13:07	2:16:41	1:43:35	2:07:36	-	1:36:01	2:53:32	4:46:36	6:52:21	8:23:01	10:26:27	12:39:40	14:15:52	16:28:53	18:47:25	20:27:38	22:40:45	24:57:26	26:41:01	28:48:37
86	Brock Painter	Brock	Painter	20-29	Male	29:04:26	1:36:49	1:14:08	1:38:55	1:57:52	1:25:01	1:56:30	2:12:03	1:42:10	2:15:00	2:22:12	1:47:04	2:19:40	2:43:19	1:43:26	2:10:19	-	1:36:50	2:50:57	4:29:53	6:27:44	7:52:45	9:49:15	12:01:18	13:43:27	15:58:27	18:20:38	20:07:43	22:27:23	25:10:42	26:54:08	29:04:27
119	Ryo Tamai	Ryo	Tamai	30-39	Male	29:05:04	2:02:12	1:26:32	1:55:10	2:00:28	1:28:46	1:59:55	2:13:51	1:38:51	2:11:50	2:14:30	1:37:58	2:15:30	2:20:46	1:35:11	2:03:34	-	2:02:13	3:28:45	5:23:55	7:24:23	8:53:09	10:53:04	13:06:55	14:45:46	16:57:36	19:12:06	20:50:03	23:05:33	25:26:19	27:01:30	29:05:04
115	Hilary Spires	Hilary	Spires	30-39	Female	29:29:14	1:36:55	1:16:16	1:49:04	1:54:08	1:27:12	1:55:42	2:02:21	1:41:27	2:20:28	2:19:52	1:55:52	2:23:15	2:40:01	1:46:18	2:20:24	-	1:36:55	2:53:11	4:42:15	6:36:23	8:03:36	9:59:17	12:01:38	13:43:05	16:03:33	18:23:25	20:19:17	22:42:31	25:22:32	27:08:51	29:29:15
95	Ian Pryor	Ian	Pryor	20-29	Male	29:42:39	1:46:59	1:22:54	1:57:07	2:08:23	1:48:23	2:10:09	2:13:17	1:32:53	2:02:29	2:14:53	1:39:21	2:22:18	2:37:55	1:39:28	2:06:11	-	1:46:59	3:09:53	5:07:00	7:15:23	9:03:46	11:13:56	13:27:13	15:00:06	17:02:35	19:17:27	20:56:48	23:19:06	25:57:02	27:36:29	29:42:40
48	Hee Joo Jang	Hee Joo	Jang	30-39	Female	29:44:53	1:40:12	1:17:57	1:50:27	1:59:03	1:28:48	1:59:29	2:09:54	1:38:13	2:10:16	2:31:41	1:41:50	2:20:42	2:54:28	1:53:38	2:08:15	-	1:40:12	2:58:09	4:48:36	6:47:38	8:16:26	10:15:55	12:25:50	14:04:03	16:14:19	18:46:00	20:27:50	22:48:32	25:43:00	27:36:38	29:44:53
39	Jason Hallenbeck	Jason	Hallenbeck	30-39	Male	30:13:17	1:24:19	1:07:26	1:38:41	1:52:06	1:23:23	1:54:09	2:08:03	1:35:28	2:16:31	2:25:40	1:46:12	2:51:10	2:51:14	2:04:34	2:54:21	-	1:24:19	2:31:45	4:10:27	6:02:33	7:25:55	9:20:04	11:28:07	13:03:36	15:20:07	17:45:46	19:31:58	22:23:08	25:14:22	27:18:56	30:13:17
124	Kenji Treschuk	Kenji	Treschuk	40-49	Male	30:28:39	1:53:00	1:19:26	1:47:30	2:01:29	1:37:59	1:57:23	2:29:26	1:44:23	2:11:26	2:28:33	1:51:42	2:27:03	2:22:12	1:52:48	2:24:20	-	1:53:01	3:12:26	4:59:57	7:01:26	8:39:24	10:36:47	13:06:13	14:50:36	17:02:02	19:30:35	21:22:17	23:49:19	26:11:31	28:04:19	30:28:39
42	Wes Harshbarger	Wes	Harshbarger	20-29	Male	30:34:51	1:35:26	1:15:33	1:44:18	1:52:53	1:25:41	1:55:31	2:09:12	1:32:18	2:15:50	3:12:24	2:44:33	2:43:38	2:22:10	1:48:14	1:57:09	-	1:35:27	2:51:00	4:35:18	6:28:11	7:53:52	9:49:23	11:58:35	13:30:52	15:46:42	18:59:07	21:43:40	24:27:19	26:49:29	28:37:43	30:34:52
67	Kaci Lickteig	Kaci	Lickteig	30-39	Female	30:53:28	1:46:54	1:18:50	1:50:35	2:05:15	1:39:37	2:07:57	2:22:45	1:49:34	2:17:44	2:28:58	1:54:58	2:32:16	2:25:53	1:51:54	2:20:18	-	1:46:54	3:05:45	4:56:19	7:01:35	8:41:11	10:49:08	13:11:53	15:01:27	17:19:11	19:48:09	21:43:08	24:15:23	26:41:16	28:33:10	30:53:28
25	Sean Eversole	Sean	Eversole	40-49	Male	30:55:59	1:38:03	1:18:31	1:52:23	1:54:16	1:30:19	2:01:42	2:21:02	1:41:44	2:20:05	2:34:44	1:52:08	2:43:43	2:41:10	2:01:56	2:24:12	-	1:38:04	2:56:35	4:48:58	6:43:14	8:13:34	10:15:15	12:36:17	14:18:01	16:38:05	19:12:50	21:04:58	23:48:41	26:29:51	28:31:48	30:56:00
120	Hiroyasu Tanaka	Hiroyasu	Tanaka	50-59	Male	31:43:53	1:31:38	1:11:49	1:36:53	1:42:55	1:15:59	1:41:33	1:44:05	1:24:03	1:49:23	2:15:49	1:42:40	2:35:22	4:34:45	2:55:09	3:41:49	-	1:31:38	2:43:28	4:20:21	6:03:16	7:19:15	9:00:48	10:44:54	12:08:57	13:58:20	16:14:09	17:56:49	20:32:11	25:06:55	28:02:04	31:43:53
102	Aaron Richards	Aaron	Richards	30-39	Male	31:48:52	1:36:02	1:16:33	1:49:14	2:07:49	1:38:02	2:06:32	2:28:34	1:57:01	2:26:58	2:46:58	2:10:15	2:37:27	2:38:50	2:02:28	2:06:08	-	1:36:02	2:52:35	4:41:49	6:49:38	8:27:40	10:34:12	13:02:47	14:59:48	17:26:46	20:13:45	22:23:59	25:01:26	27:40:17	29:42:45	31:48:53
26	Andrew Ewing	Andrew	Ewing	50-59	Male	31:54:08	1:53:06	1:24:09	1:52:53	2:00:39	1:35:56	2:08:28	2:16:39	1:44:39	2:18:34	2:48:40	2:09:50	2:45:18	2:38:06	1:55:02	2:22:08	-	1:53:06	3:17:15	5:10:08	7:10:47	8:46:42	10:55:11	13:11:50	14:56:29	17:15:03	20:03:43	22:13:34	24:58:51	27:36:57	29:32:00	31:54:08
132	Shane Williams	Shane	Williams	40-49	Male	32:12:16	1:38:26	1:14:12	1:41:56	1:51:45	1:26:31	2:00:34	2:16:40	1:41:12	2:26:38	3:17:38	2:31:41	2:53:59	2:39:26	2:06:30	2:25:08	-	1:38:26	2:52:38	4:34:35	6:26:20	7:52:50	9:53:25	12:10:04	13:51:16	16:17:54	19:35:32	22:07:13	25:01:12	27:40:38	29:47:08	32:12:16
56	Justin Kinner	Justin	Kinner	30-39	Male	32:17:56	1:39:08	1:14:07	1:47:19	2:00:36	1:36:20	2:07:38	2:19:26	1:50:53	2:33:10	2:42:09	2:05:10	2:51:44	2:44:22	2:10:35	2:35:17	-	1:39:09	2:53:16	4:40:35	6:41:11	8:17:31	10:25:09	12:44:36	14:35:29	17:08:39	19:50:48	21:55:59	24:47:42	27:32:05	29:42:40	32:17:57
66	Sean Lee	Sean	Lee	50-59	Male	32:20:57	1:44:36	1:12:52	1:42:14	2:02:11	1:33:19	2:00:34	2:10:05	1:50:42	2:24:45	3:00:05	2:34:52	2:56:55	2:38:13	2:02:47	2:26:47	-	1:44:36	2:57:28	4:39:42	6:41:53	8:15:12	10:15:46	12:25:51	14:16:33	16:41:18	19:41:23	22:16:15	25:13:10	27:51:23	29:54:10	32:20:57
70	Thomas Louro	Thomas	Louro	20-29	Male	32:26:08	1:44:17	1:21:54	2:01:31	2:08:29	1:36:50	2:00:50	2:22:01	1:49:36	2:25:30	2:42:55	2:12:04	3:02:25	2:28:02	1:55:53	2:33:50	-	1:44:17	3:06:11	5:07:43	7:16:12	8:53:02	10:53:52	13:15:54	15:05:29	17:30:59	20:13:54	22:25:58	25:28:23	27:56:25	29:52:18	32:26:08
137	Justin Young	Justin	Young	40-49	Male	32:27:04	1:43:57	1:21:40	1:54:31	2:11:30	1:41:16	2:06:59	2:22:28	1:47:41	2:24:57	2:42:19	1:55:26	2:52:22	2:46:46	2:08:06	2:27:06	-	1:43:58	3:05:37	5:00:08	7:11:38	8:52:55	10:59:53	13:22:21	15:10:03	17:35:00	20:17:19	22:12:45	25:05:06	27:51:52	29:59:58	32:27:04
9	Matthew Betten	Matthew	Betten	30-39	Male	32:28:40	1:40:09	1:16:39	1:49:02	1:54:51	1:34:36	2:00:41	2:17:34	2:02:49	2:23:08	2:46:24	2:11:32	2:42:59	2:56:45	2:05:44	2:45:47	-	1:40:10	2:56:49	4:45:50	6:40:42	8:15:17	10:15:58	12:33:32	14:36:22	16:59:29	19:45:53	21:57:25	24:40:24	27:37:09	29:42:53	32:28:40
125	Richard Urias	Richard	Urias	40-49	Male	32:30:42	1:59:25	1:20:21	1:48:09	2:03:45	1:37:29	2:06:54	2:29:36	1:54:06	2:25:42	2:32:31	2:05:36	2:39:43	2:40:23	2:03:18	2:43:43	-	1:59:26	3:19:47	5:07:56	7:11:40	8:49:10	10:56:03	13:25:40	15:19:46	17:45:29	20:18:00	22:23:36	25:03:19	27:43:42	29:47:00	32:30:43
23	Mathieu Doyon	Mathieu	Doyon	40-49	Male	32:37:13	1:36:33	1:16:11	1:43:45	1:44:17	1:31:14	1:51:59	2:37:57	1:59:11	2:36:21	2:54:41	2:00:32	2:56:22	2:46:06	2:10:44	2:51:19	-	1:36:34	2:52:45	4:36:30	6:20:46	7:52:01	9:43:59	12:21:56	14:21:08	16:57:29	19:52:10	21:52:42	24:49:04	27:35:10	29:45:54	32:37:13
28	Sergio Florian	Sergio	Florian	40-49	Male	32:39:07	1:36:51	1:15:28	1:46:20	1:49:51	1:21:53	1:53:33	2:16:33	1:43:06	2:23:43	2:44:51	2:01:18	2:48:35	3:22:12	2:20:09	3:14:43	-	1:36:52	2:52:20	4:38:40	6:28:31	7:50:24	9:43:58	12:00:31	13:43:37	16:07:20	18:52:11	20:53:29	23:42:04	27:04:16	29:24:25	32:39:07
111	Mercedes Siegle-Gaither	Mercedes	Siegle-Gaither	30-39	Female	32:45:41	1:38:45	1:13:38	1:37:28	1:50:34	1:26:24	1:54:50	2:06:43	1:35:53	2:22:31	2:38:25	2:19:45	3:15:01	3:19:47	2:38:52	2:47:05	-	1:38:45	2:52:23	4:29:51	6:20:24	7:46:49	9:41:38	11:48:22	13:24:15	15:46:46	18:25:11	20:44:56	23:59:57	27:19:44	29:58:36	32:45:41
122	Brandon Thomison	Brandon	Thomison	20-29	Male	32:45:47	1:38:28	1:14:13	1:41:40	1:52:04	1:30:28	1:57:21	2:00:56	1:35:50	2:21:52	3:15:52	2:24:32	2:53:55	2:51:00	2:34:02	2:53:33	-	1:38:28	2:52:41	4:34:22	6:26:26	7:56:53	9:54:15	11:55:11	13:31:01	15:52:53	19:08:45	21:33:17	24:27:13	27:18:13	29:52:15	32:45:47
64	Kristi Leblanc	Kristi	LeBlanc	40-49	Female	32:53:26	1:49:41	1:23:56	1:51:09	1:58:41	1:38:24	2:21:18	2:20:48	1:56:41	2:54:50	2:55:25	2:13:22	2:27:09	2:39:24	2:00:59	2:21:37	-	1:49:41	3:13:37	5:04:46	7:03:28	8:41:51	11:03:09	13:23:57	15:20:38	18:15:29	21:10:54	23:24:16	25:51:26	28:30:50	30:31:49	32:53:27
52	Thomas Johnson	Thomas	Johnson	20-29	Male	32:57:03	1:38:23	1:14:06	1:42:39	1:50:50	1:28:05	1:51:12	1:58:35	1:36:09	2:05:05	2:22:43	1:59:57	3:12:35	3:29:48	3:05:08	3:21:49	-	1:38:23	2:52:29	4:35:08	6:25:58	7:54:03	9:45:15	11:43:50	13:19:59	15:25:04	17:47:47	19:47:44	23:00:19	26:30:07	29:35:15	32:57:04
16	Kyle Cameron	Kyle	Cameron	30-39	Male	32:57:41	2:06:02	1:31:15	2:01:28	2:14:33	1:32:44	2:01:21	2:28:55	1:51:33	2:29:07	2:42:29	2:05:28	2:34:41	2:35:18	1:58:49	2:43:56	-	2:06:02	3:37:18	5:38:46	7:53:19	9:26:04	11:27:25	13:56:20	15:47:52	18:17:00	20:59:29	23:04:58	25:39:38	28:14:56	30:13:45	32:57:41
15	Chris Calimano	Chris	Calimano	40-49	Male	32:59:24	1:42:54	1:19:31	1:55:19	1:58:31	1:31:04	2:06:13	2:25:19	1:58:16	2:43:43	2:55:00	2:28:32	2:36:24	2:42:07	2:04:34	2:31:57	-	1:42:54	3:02:25	4:57:44	6:56:15	8:27:19	10:33:32	12:58:51	14:57:07	17:40:50	20:35:50	23:04:22	25:40:46	28:22:53	30:27:27	32:59:25
74	Iuliia Maslo	Iuliia	Maslo	30-39	Female	33:11:19	1:38:33	1:17:09	1:46:26	1:55:59	1:30:10	2:04:18	2:22:25	1:54:58	2:51:16	3:13:01	2:19:53	2:45:59	2:53:26	2:04:58	2:32:47	-	1:38:34	2:55:43	4:42:09	6:38:08	8:08:18	10:12:36	12:35:01	14:29:59	17:21:15	20:34:16	22:54:10	25:40:08	28:33:35	30:38:33	33:11:19
30	Satomi Fujimura	Satomi	Fujimura	50-59	Female	33:19:54	2:04:08	1:25:08	1:56:16	2:08:02	1:39:42	2:09:50	2:31:43	1:47:41	2:25:28	2:44:48	2:09:48	2:45:44	2:42:21	2:09:34	2:39:39	-	2:04:08	3:29:17	5:25:33	7:33:35	9:13:17	11:23:08	13:54:51	15:42:32	18:08:00	20:52:48	23:02:37	25:48:20	28:30:42	30:40:16	33:19:55
89	Brandi Payne	Brandi	Payne	40-49	Female	33:24:11	1:51:41	1:20:47	1:47:37	2:00:22	1:27:24	2:05:23	2:22:22	1:44:52	2:28:14	2:40:14	2:05:17	3:06:43	3:03:24	2:19:31	3:00:21	-	1:51:42	3:12:29	5:00:06	7:00:27	8:27:51	10:33:14	12:55:36	14:40:29	17:08:42	19:48:56	21:54:13	25:00:56	28:04:20	30:23:51	33:24:12
22	Megan Dehaan	Megan	DeHaan	30-39	Female	33:41:56	1:39:55	1:17:29	1:48:22	1:51:32	1:30:49	2:07:45	2:27:57	1:47:12	2:36:44	2:52:49	2:26:51	3:00:54	3:01:36	2:08:36	3:03:24	-	1:39:55	2:57:24	4:45:46	6:37:18	8:08:08	10:15:53	12:43:49	14:31:01	17:07:45	20:00:34	22:27:26	25:28:20	28:29:56	30:38:32	33:41:56
135	Ben Woodard	Ben	Woodard	30-39	Male	33:48:37	2:10:40	1:37:32	2:09:09	2:18:57	1:46:21	2:15:47	2:32:34	2:02:09	2:36:52	2:48:37	2:00:19	2:29:14	2:47:01	2:04:17	2:09:09	-	2:10:41	3:48:13	5:57:21	8:16:18	10:02:39	12:18:26	14:51:00	16:53:09	19:30:01	22:18:38	24:18:57	26:48:11	29:35:11	31:39:29	33:48:38
139	Harald Zundel	Harald	Zundel	50-59	Male	33:49:15	1:39:52	1:19:43	1:57:52	2:10:19	1:47:23	2:14:44	2:36:35	2:00:35	2:32:30	2:48:32	2:09:59	2:36:37	2:55:12	2:07:28	2:51:55	-	1:39:52	2:59:35	4:57:27	7:07:46	8:55:09	11:09:53	13:46:28	15:47:03	18:19:33	21:08:05	23:18:03	25:54:40	28:49:52	30:57:20	33:49:15
8	Eric Batchelor	Eric	Batchelor	30-39	Male	33:52:18	1:53:08	1:21:33	1:50:07	2:04:58	1:50:16	2:15:46	2:28:45	2:02:14	2:51:40	3:13:05	2:21:35	2:34:05	2:32:29	2:14:03	2:18:35	-	1:53:08	3:14:42	5:04:48	7:09:46	9:00:02	11:15:48	13:44:33	15:46:47	18:38:27	21:51:32	24:13:08	26:47:12	29:19:41	31:33:44	33:52:19
73	Mitsukazu Mamada	Mitsukazu	Mamada	50-59	Male	33:54:27	1:49:30	1:24:05	1:56:10	2:06:07	1:35:21	2:06:09	2:26:27	1:55:09	2:40:07	2:48:27	2:16:16	2:59:53	2:54:11	2:17:45	2:38:49	-	1:49:31	3:13:35	5:09:46	7:15:53	8:51:13	10:57:23	13:23:50	15:18:59	17:59:06	20:47:34	23:03:50	26:03:42	28:57:53	31:15:38	33:54:27
2	Noah Anderson	Noah	Anderson	20-29	Male	33:57:18	2:04:35	1:35:47	2:12:40	2:11:48	1:41:26	2:22:12	2:18:13	2:00:18	2:57:13	2:52:59	2:24:28	2:32:04	2:26:50	1:53:18	2:23:27	-	2:04:36	3:40:23	5:53:03	8:04:51	9:46:16	12:08:29	14:26:42	16:27:00	19:24:13	22:17:12	24:41:40	27:13:44	29:40:34	31:33:52	33:57:19
44	Jake Hinz	Jake	Hinz	50-59	Male	34:01:39	1:46:56	1:24:24	2:00:32	2:18:15	1:45:19	2:17:37	2:37:52	1:55:21	2:41:15	3:03:17	2:05:57	2:41:36	2:41:57	2:02:54	2:38:26	-	1:46:57	3:11:21	5:11:53	7:30:08	9:15:26	11:33:04	14:10:56	16:06:17	18:47:32	21:50:49	23:56:46	26:38:22	29:20:19	31:23:13	34:01:40
17	Jim Carleton	Jim	Carleton	30-39	Male	34:09:14	1:54:39	1:25:14	1:59:57	2:04:57	1:38:54	2:06:00	2:22:34	1:48:08	2:26:11	2:55:16	2:14:48	2:47:31	3:08:43	2:22:58	2:53:22	-	1:54:39	3:19:53	5:19:50	7:24:47	9:03:42	11:09:41	13:32:16	15:20:24	17:46:35	20:41:51	22:56:39	25:44:11	28:52:54	31:15:52	34:09:14
133	Adam Wolf	Adam	Wolf	40-49	Male	34:18:51	1:21:06	1:04:13	1:55:36	2:17:29	1:48:51	1:59:16	2:14:40	2:30:55	4:07:07	2:57:02	2:59:51	2:09:04	2:41:48	1:58:18	2:13:35	-	1:21:07	2:25:19	4:20:55	6:38:25	8:27:15	10:26:31	12:41:11	15:12:07	19:19:13	22:16:16	25:16:06	27:25:10	30:06:58	32:05:16	34:18:51
69	Morgan Lopes	Morgan	Lopes	30-39	Male	34:19:42	1:46:31	1:19:02	1:42:55	1:59:12	1:28:41	1:57:48	2:24:44	1:56:54	2:23:20	2:53:02	1:52:58	2:59:55	3:09:39	2:33:19	3:51:43	-	1:46:32	3:05:33	4:48:28	6:47:40	8:16:21	10:14:09	12:38:53	14:35:47	16:59:07	19:52:09	21:45:07	24:45:02	27:54:41	30:28:00	34:19:43
60	Erik Koenig	Erik	Koenig	30-39	Male	34:24:04	1:35:43	1:13:43	1:47:36	2:01:04	1:38:39	2:14:52	2:59:06	2:11:48	2:43:42	3:09:45	2:48:32	2:31:41	2:36:41	2:05:34	2:45:39	-	1:35:43	2:49:26	4:37:02	6:38:05	8:16:44	10:31:36	13:30:42	15:42:30	18:26:12	21:35:57	24:24:28	26:56:10	29:32:51	31:38:25	34:24:04
24	Mary Edgmon	Mary	Edgmon	40-49	Female	34:25:48	1:59:14	1:29:15	1:55:19	2:09:57	1:39:18	2:11:02	2:21:00	2:01:30	3:05:53	2:45:49	2:04:36	2:38:21	2:43:54	2:08:52	3:11:48	-	1:59:14	3:28:30	5:23:48	7:33:45	9:13:03	11:24:05	13:45:05	15:46:35	18:52:28	21:38:17	23:42:53	26:21:14	29:05:08	31:14:00	34:25:48
78	Matthew Menacher	Matthew	Menacher	40-49	Male	34:40:04	1:46:53	1:21:55	2:01:14	2:24:14	1:45:18	2:21:38	2:43:42	2:15:26	2:51:25	2:56:28	2:12:45	2:33:23	2:46:23	1:57:24	2:41:54	-	1:46:53	3:08:48	5:10:03	7:34:17	9:19:35	11:41:14	14:24:56	16:40:21	19:31:46	22:28:14	24:40:59	27:14:22	30:00:46	31:58:10	34:40:05
87	Alexander Papadopoulos	Alexander	Papadopoulos	50-59	Male	34:52:32	1:54:19	1:28:41	1:54:41	2:10:32	1:45:36	2:29:24	2:49:13	2:17:31	2:48:09	2:42:56	2:14:19	2:51:36	2:45:35	2:05:32	2:34:27	-	1:54:20	3:23:01	5:17:42	7:28:15	9:13:50	11:43:15	14:32:27	16:49:59	19:38:08	22:21:04	24:35:23	27:27:00	30:12:34	32:18:06	34:52:33
54	Alexander Kamages	Alexander	Kamages	40-49	Male	34:52:34	1:56:11	1:32:20	2:04:50	2:24:57	1:47:13	2:13:51	2:41:38	2:05:11	2:47:03	3:10:50	2:08:15	2:37:04	2:48:45	2:00:08	2:34:17	-	1:56:12	3:28:32	5:33:22	7:58:19	9:45:32	11:59:24	14:41:02	16:46:13	19:33:16	22:44:06	24:52:21	27:29:25	30:18:10	32:18:18	34:52:35
41	Ben Harner	Ben	Harner	30-39	Male	34:57:27	1:47:03	1:24:08	1:57:13	2:08:43	1:33:46	2:04:08	2:27:26	2:01:12	2:32:55	3:10:25	2:21:45	2:55:30	2:57:33	2:12:30	3:23:10	-	1:47:04	3:11:12	5:08:25	7:17:08	8:50:53	10:55:01	13:22:27	15:23:39	17:56:34	21:06:59	23:28:44	26:24:14	29:21:47	31:34:17	34:57:28
57	David Kleparek	David	Kleparek	40-49	Male	35:01:36	1:50:13	1:31:08	2:01:18	2:19:12	1:46:38	2:14:40	2:30:28	1:50:39	2:42:45	3:10:41	2:10:12	2:41:42	2:53:03	2:13:42	3:05:15	-	1:50:14	3:21:22	5:22:40	7:41:52	9:28:30	11:43:10	14:13:37	16:04:16	18:47:01	21:57:42	24:07:54	26:49:36	29:42:39	31:56:21	35:01:36
138	Aneta Zeppettella	Aneta	Zeppettella	50-59	Female	35:02:48	1:53:02	1:36:03	2:05:05	2:25:04	1:49:05	2:23:17	2:40:17	2:21:18	2:47:21	2:55:10	2:08:59	2:37:56	2:38:19	2:05:16	2:36:35	-	1:53:02	3:29:05	5:34:11	7:59:14	9:48:19	12:11:36	14:51:53	17:13:11	20:00:33	22:55:42	25:04:41	27:42:37	30:20:57	32:26:13	35:02:48
126	Charlotte Vasarhelyi	Charlotte	Vasarhelyi	40-49	Female	35:03:12	1:52:09	1:33:15	2:08:30	2:19:56	1:46:47	2:17:40	2:36:53	1:58:00	2:42:06	2:57:49	2:10:48	2:49:44	2:56:42	2:08:11	2:44:41	-	1:52:10	3:25:25	5:33:55	7:53:51	9:40:38	11:58:19	14:35:12	16:33:12	19:15:18	22:13:07	24:23:55	27:13:39	30:10:21	32:18:32	35:03:13
96	Elisabeth Pudik	Elisabeth	Pudik	40-49	Female	35:03:28	1:51:43	1:26:05	2:02:09	2:11:08	1:39:23	2:23:41	2:40:00	2:25:58	3:00:37	3:32:26	2:07:02	2:22:29	2:42:23	1:55:37	2:42:45	-	1:51:44	3:17:49	5:19:58	7:31:06	9:10:29	11:34:10	14:14:10	16:40:08	19:40:45	23:13:11	25:20:13	27:42:43	30:25:06	32:20:43	35:03:29
85	Yohei Okui	Yohei	Okui	40-49	Male	35:04:56	2:06:06	1:33:29	2:09:42	2:23:12	1:41:43	2:16:01	2:32:11	1:55:28	2:35:05	3:05:58	2:10:57	2:39:57	2:57:31	2:12:19	2:45:17	-	2:06:07	3:39:35	5:49:17	8:12:29	9:54:12	12:10:13	14:42:24	16:37:53	19:12:57	22:18:56	24:29:53	27:09:50	30:07:21	32:19:40	35:04:57
94	Francis Picard	Francis	Picard	40-49	Male	35:05:25	1:48:05	1:27:54	2:00:42	2:19:49	1:46:14	2:28:07	2:43:14	2:12:18	2:43:18	2:55:06	2:02:32	2:55:14	2:46:33	2:09:20	2:46:59	-	1:48:05	3:15:59	5:16:40	7:36:30	9:22:44	11:50:51	14:34:06	16:46:24	19:29:42	22:24:48	24:27:20	27:22:34	30:09:07	32:18:27	35:05:26
107	Jodi Semonell	Jodi	Semonell	50-59	Female	35:06:03	1:59:59	1:33:36	2:04:29	2:16:39	1:46:50	2:22:41	2:46:22	2:03:08	2:46:55	2:48:15	2:09:36	2:49:27	2:55:12	1:59:53	2:43:03	-	1:59:59	3:33:35	5:38:03	7:54:42	9:41:32	12:04:13	14:50:35	16:53:43	19:40:38	22:28:53	24:38:29	27:27:55	30:23:07	32:23:00	35:06:03
100	Irina Razina	Irina	Razina	30-39	Female	35:09:21	2:02:08	1:30:26	2:01:59	2:15:29	1:42:39	2:20:04	3:01:34	2:19:57	2:59:01	2:59:51	2:07:00	2:22:34	2:43:20	2:01:41	2:41:38	-	2:02:08	3:32:34	5:34:33	7:50:02	9:32:41	11:52:45	14:54:20	17:14:17	20:13:17	23:13:08	25:20:08	27:42:42	30:26:02	32:27:43	35:09:21
128	Keith Viger	Keith	Viger	50-59	Male	35:13:02	1:53:18	1:33:03	2:08:10	2:25:20	1:48:54	2:17:17	2:45:11	2:01:39	2:38:10	2:49:07	2:03:57	2:36:42	2:54:43	2:15:10	3:02:21	-	1:53:19	3:26:22	5:34:31	7:59:51	9:48:45	12:06:03	14:51:14	16:52:53	19:31:03	22:20:10	24:24:07	27:00:49	29:55:31	32:10:42	35:13:02
123	Amanda Tirol	Amanda	Tirol	30-39	Female	35:14:01	2:08:28	1:45:13	2:19:41	2:14:44	1:46:37	2:11:34	2:31:20	2:11:33	2:51:59	2:46:44	2:11:24	2:33:38	2:53:36	2:06:46	2:40:43	-	2:08:28	3:53:41	6:13:23	8:28:07	10:14:44	12:26:18	14:57:37	17:09:10	20:01:09	22:47:53	24:59:17	27:32:55	30:26:31	32:33:18	35:14:01
76	Newton McCollum	Newton	McCollum	20-29	Male	35:15:45	1:54:11	1:25:31	1:56:36	2:17:13	1:46:00	2:15:14	2:51:16	2:19:58	2:45:25	3:11:49	2:25:39	2:37:03	2:51:14	1:56:46	2:41:49	-	1:54:11	3:19:43	5:16:19	7:33:32	9:19:32	11:34:46	14:26:02	16:46:00	19:31:25	22:43:14	25:08:53	27:45:56	30:37:10	32:33:56	35:15:45
99	Mark Ravaglia	Mark	Ravaglia	50-59	Male	35:19:24	2:01:46	1:29:52	2:02:36	2:13:29	1:44:53	2:18:31	2:41:08	2:17:12	2:48:52	2:42:20	1:58:46	2:42:02	2:51:24	2:07:12	3:19:22	-	2:01:46	3:31:38	5:34:14	7:47:43	9:32:36	11:51:07	14:32:15	16:49:27	19:38:19	22:20:39	24:19:25	27:01:26	29:52:50	32:00:03	35:19:25
114	Dmytro Sokolovskyy	Dmytro	Sokolovskyy	30-39	Male	35:19:49	2:02:18	1:39:31	2:02:56	2:21:46	1:43:56	2:31:47	2:53:01	2:15:01	2:54:23	2:40:15	2:11:19	2:28:21	2:49:09	1:56:55	2:49:11	-	2:02:19	3:41:50	5:44:46	8:06:32	9:50:28	12:22:15	15:15:16	17:30:17	20:24:40	23:04:54	25:16:13	27:44:35	30:33:44	32:30:38	35:19:49
130	Dolan Ward	Dolan	Ward	30-39	Male	35:20:26	2:08:08	1:31:10	2:02:02	2:21:56	1:48:56	2:20:53	3:09:24	2:15:56	2:54:44	4:00:25	1:58:48	2:14:54	2:18:09	1:54:39	2:20:21	-	2:08:08	3:39:18	5:41:21	8:03:17	9:52:13	12:13:06	15:22:30	17:38:26	20:33:10	24:33:34	26:32:23	28:47:16	31:05:26	33:00:05	35:20:27
59	Melanie Koehl	Melanie	Koehl	50-59	Female	35:21:36	2:05:59	1:36:05	2:12:12	2:17:37	1:50:01	2:26:52	2:37:06	2:08:46	2:49:06	2:55:49	2:15:02	2:36:13	2:38:30	2:00:36	2:51:41	-	2:06:00	3:42:05	5:54:17	8:11:54	10:01:55	12:28:47	15:05:53	17:14:39	20:03:46	22:59:34	25:14:36	27:50:50	30:29:20	32:29:56	35:21:36
6	Alison Bassett	Alison	Bassett	40-49	Female	35:24:16	2:03:57	1:37:42	2:08:10	2:15:02	1:49:48	2:18:09	2:33:47	2:02:10	2:43:36	3:00:14	2:17:35	2:43:31	2:45:59	2:30:51	2:33:45	-	2:03:58	3:41:40	5:49:50	8:04:52	9:54:40	12:12:49	14:46:36	16:48:46	19:32:22	22:32:36	24:50:11	27:33:42	30:19:41	32:50:32	35:24:17
37	David Green	David	Green	40-49	Male	35:32:05	1:58:37	1:24:05	1:56:00	2:28:43	1:46:57	2:16:49	2:42:08	2:25:25	3:06:00	3:21:28	2:28:32	2:32:58	2:36:46	1:53:25	2:34:13	-	1:58:37	3:22:42	5:18:42	7:47:25	9:34:22	11:51:10	14:33:18	16:58:43	20:04:43	23:26:11	25:54:44	28:27:42	31:04:28	32:57:53	35:32:05
50	Mariela Jennings	Mariela	Jennings	30-39	Female	35:39:04	2:01:15	1:39:00	2:06:09	2:25:35	2:04:03	2:23:35	3:02:19	2:20:13	2:45:20	2:43:09	2:01:47	2:33:57	2:38:59	2:05:17	2:48:25	-	2:01:16	3:40:16	5:46:25	8:11:59	10:16:02	12:39:37	15:41:56	18:02:09	20:47:29	23:30:38	25:32:25	28:06:22	30:45:21	32:50:39	35:39:04
98	Blake Ragland	Blake	Ragland	40-49	Male	35:39:34	2:05:48	2:00:26	2:47:54	2:55:31	1:54:21	2:36:14	2:56:57	2:16:01	3:06:12	2:18:57	1:38:21	2:19:03	2:23:44	1:50:48	2:29:16	-	2:05:48	4:06:14	6:54:08	9:49:38	11:44:00	14:20:14	17:17:10	19:33:12	22:39:24	24:58:21	26:36:43	28:55:45	31:19:30	33:10:18	35:39:34
83	Marie Noda	Marie	Noda	40-49	Female	35:41:19	2:04:28	1:32:34	2:03:34	2:24:19	1:44:31	2:10:45	2:45:13	2:05:26	2:44:37	3:11:37	2:29:27	2:40:39	2:59:28	1:58:51	2:45:51	-	2:04:28	3:37:02	5:40:36	8:04:55	9:49:26	12:00:11	14:45:24	16:50:50	19:35:27	22:47:04	25:16:30	27:57:09	30:56:38	32:55:28	35:41:19
112	Craig Slagel	Craig	Slagel	50-59	Male	DNF	1:56:09	1:34:51	2:11:23	2:22:21	2:02:25	2:39:16	2:40:30	2:17:14	2:52:43	3:05:51	2:12:03	2:33:45	2:43:13	2:32:14	-	-	1:56:09	3:31:00	5:42:24	8:04:45	10:07:10	12:46:25	15:26:55	17:44:09	20:36:52	23:42:43	25:54:46	28:28:32	31:11:45	33:43:59	-
32	Natsumi Gibbens	Natsumi	Gibbens	40-49	Female	DNF	2:03:59	1:32:39	2:09:45	2:15:02	1:47:54	2:29:12	2:53:31	2:15:27	2:51:48	3:08:43	2:21:48	2:31:58	2:54:25	-	-	-	2:03:59	3:36:39	5:46:24	8:01:26	9:49:20	12:18:32	15:12:02	17:27:29	20:19:17	23:28:00	25:49:48	28:21:46	31:16:12	-	-
62	Kevin Kunieda	Kevin	Kunieda	30-39	Male	DNF	2:24:10	1:42:10	2:28:59	2:21:40	1:43:36	2:25:41	2:59:40	2:09:00	2:59:07	3:16:53	1:46:15	2:40:05	2:42:54	-	-	-	2:24:10	4:06:20	6:35:19	8:56:59	10:40:35	13:06:16	16:05:56	18:14:57	21:14:04	24:30:57	26:17:11	28:57:16	31:40:10	-	-
35	Holly Grahn	Holly	Grahn	30-39	Female	DNF	1:57:40	1:30:48	2:05:48	2:38:21	1:43:08	2:21:26	2:34:30	2:04:05	3:13:38	2:58:23	2:24:47	2:50:25	3:23:33	-	-	-	1:57:40	3:28:28	5:34:16	8:12:37	9:55:45	12:17:11	14:51:41	16:55:46	20:09:24	23:07:46	25:32:34	28:22:59	31:46:31	-	-
88	Kalani Pascual	Kalani	Pascual	30-39	Male	DNF	2:06:29	1:36:33	2:08:45	2:31:07	1:54:05	2:30:00	2:51:58	2:09:56	3:04:56	3:15:00	2:08:28	2:38:22	2:59:44	-	-	-	2:06:29	3:43:03	5:51:48	8:22:54	10:17:00	12:47:00	15:38:59	17:48:55	20:53:51	24:08:51	26:17:18	28:55:40	31:55:23	-	-
129	Mark Walter	Mark	Walter	40-49	Male	DNF	2:02:14	1:33:46	2:05:56	2:23:22	1:48:05	2:21:59	2:34:43	2:09:16	2:55:16	3:13:00	2:22:56	2:53:47	3:59:56	-	-	-	2:02:14	3:36:00	5:41:57	8:05:19	9:53:24	12:15:24	14:50:07	16:59:23	19:54:39	23:07:39	25:30:35	28:24:22	32:24:17	-	-
65	Anthony Lee	Anthony	Lee	30-39	Male	DNF	1:19:46	0:59:32	1:20:23	1:28:13	1:08:48	1:32:15	1:36:08	1:16:36	1:44:47	2:30:27	2:58:05	3:43:24	-	-	-	-	1:19:47	2:19:19	3:39:43	5:07:55	6:16:43	7:48:58	9:25:07	10:41:43	12:26:29	14:56:57	17:55:02	21:38:26	-	-	-
11	Brian Bondy	Brian	Bondy	40-49	Male	DNF	1:47:01	1:30:25	2:04:11	2:12:12	1:47:42	2:18:29	2:38:37	2:09:57	2:37:29	2:53:47	2:56:13	3:21:49	-	-	-	-	1:47:02	3:17:26	5:21:37	7:33:50	9:21:32	11:40:02	14:18:39	16:28:36	19:06:04	21:59:52	24:56:05	28:17:54	-	-	-
71	Ashley Lucas	Ashley	Lucas	40-49	Female	DNF	2:04:11	1:30:20	2:00:49	2:11:39	1:43:13	2:22:31	2:35:57	2:03:51	2:58:58	2:52:16	2:36:32	3:27:57	-	-	-	-	2:04:11	3:34:31	5:35:20	7:47:00	9:30:12	11:52:44	14:28:41	16:32:32	19:31:30	22:23:46	25:00:18	28:28:15	-	-	-
4	Naoya Asami	Naoya	Asami	50-59	Male	DNF	2:13:55	1:48:46	2:14:09	2:38:57	1:51:45	2:38:50	2:31:41	2:01:19	2:40:48	2:53:38	2:23:00	2:57:51	-	-	-	-	2:13:55	4:02:41	6:16:50	8:55:47	10:47:32	13:26:22	15:58:03	17:59:22	20:40:10	23:33:48	25:56:48	28:54:40	-	-	-
113	Mike Smith	Mike	Smith	60-69	Male	DNF	2:04:16	1:35:35	2:11:09	2:23:20	1:54:06	2:34:12	2:51:56	2:10:07	2:59:44	3:18:09	2:26:19	3:12:09	-	-	-	-	2:04:16	3:39:51	5:50:59	8:14:20	10:08:26	12:42:38	15:34:34	17:44:41	20:44:25	24:02:34	26:28:53	29:41:02	-	-	-
3	Mike Ard	Mike	Ard	40-49	Male	DNF	1:38:40	1:35:38	2:19:39	2:43:21	1:41:18	2:15:00	3:20:44	2:39:10	3:01:03	3:32:32	2:05:23	2:50:11	-	-	-	-	1:38:41	3:14:19	5:33:58	8:17:20	9:58:38	12:13:38	15:34:22	18:13:32	21:14:35	24:47:08	26:52:31	29:42:42	-	-	-
29	Jana Fridrichova	Jana	Fridrichova	40-49	Female	DNF	1:46:48	1:34:23	2:18:30	2:20:06	1:49:28	2:10:18	2:47:46	2:36:00	3:20:53	3:20:21	2:26:12	3:21:09	-	-	-	-	1:46:48	3:21:11	5:39:41	7:59:47	9:49:16	11:59:34	14:47:20	17:23:20	20:44:13	24:04:34	26:30:46	29:51:55	-	-	-
58	Keith Knipling	Keith	Knipling	40-49	Male	DNF	1:56:21	1:34:02	2:09:42	2:19:51	1:52:58	2:32:07	3:03:08	2:19:40	3:04:19	3:25:44	2:18:23	3:20:32	-	-	-	-	1:56:22	3:30:23	5:40:05	7:59:56	9:52:54	12:25:01	15:28:09	17:47:49	20:52:08	24:17:52	26:36:15	29:56:46	-	-	-
14	Lisa Cabiles	Lisa	Cabiles	40-49	Female	DNF	1:49:38	1:31:45	2:10:04	2:25:38	1:55:16	2:46:32	3:14:57	2:18:01	3:11:33	3:36:22	2:44:12	-	-	-	-	-	1:49:39	3:21:23	5:31:28	7:57:05	9:52:21	12:38:53	15:53:50	18:11:51	21:23:24	24:59:46	27:43:59	-	-	-	-
127	Charles Ventosa	Charles	Ventosa	40-49	Male	DNF	2:05:38	1:43:13	2:31:40	2:44:20	2:10:40	3:00:55	3:12:41	2:36:12	4:00:10	3:47:39	3:04:25	-	-	-	-	-	2:05:39	3:48:52	6:20:33	9:04:52	11:15:32	14:16:27	17:29:08	20:05:20	24:05:30	27:53:10	30:57:35	-	-	-	-
97	Mauricio Puerto	Mauricio	Puerto	50-59	Male	DNF	1:52:01	1:34:13	2:12:33	2:26:01	1:57:40	2:39:03	2:38:32	2:11:47	2:55:24	3:08:19	-	-	-	-	-	-	1:52:02	3:26:15	5:38:48	8:04:49	10:02:28	12:41:31	15:20:03	17:31:50	20:27:14	23:35:33	-	-	-	-	-
46	Sarah Huebner	Sarah	Huebner	30-39	Female	DNF	2:10:29	1:48:23	2:25:07	2:30:38	1:53:47	2:34:48	2:49:13	2:21:17	3:07:01	3:29:14	-	-	-	-	-	-	2:10:30	3:58:52	6:23:59	8:54:37	10:48:24	13:23:13	16:12:25	18:33:42	21:40:43	25:09:57	-	-	-	-	-
34	Valentin Gomez	Valentin	Gomez	30-39	Male	DNF	1:59:28	1:35:12	2:00:25	2:24:43	1:48:48	2:28:43	3:13:57	2:34:21	3:14:44	5:09:46	-	-	-	-	-	-	1:59:29	3:34:41	5:35:06	7:59:48	9:48:37	12:17:20	15:31:17	18:05:38	21:20:22	26:30:08	-	-	-	-	-
31	Masazumi Fujioka	Masazumi	Fujioka	50-59	Male	DNF	1:31:22	1:09:04	1:32:21	1:42:52	1:21:07	1:42:23	1:53:39	1:41:12	2:36:06	-	-	-	-	-	-	-	1:31:23	2:40:26	4:12:47	5:55:38	7:16:45	8:59:08	10:52:47	12:33:59	15:10:05	-	-	-	-	-	-
131	Takahiro Watanabe	Takahiro	Watanabe	40-49	Male	DNF	1:54:24	1:24:17	1:49:18	1:58:07	1:36:15	2:01:03	2:33:35	1:53:23	2:35:04	-	-	-	-	-	-	-	1:54:25	3:18:41	5:07:59	7:06:06	8:42:22	10:43:25	13:17:00	15:10:23	17:45:26	-	-	-	-	-	-
61	Jonathan Kuhlman	Jonathan	Kuhlman	30-39	Male	DNF	1:57:31	1:20:03	1:47:09	2:05:13	1:40:51	2:17:26	2:39:28	2:13:31	3:35:08	-	-	-	-	-	-	-	1:57:32	3:17:35	5:04:45	7:09:58	8:50:48	11:08:15	13:47:42	16:01:13	19:36:20	-	-	-	-	-	-
105	Yasushi Sasaki	Yasushi	Sasaki	60-69	Male	DNF	2:04:01	1:36:20	2:06:56	2:21:33	1:44:47	2:22:46	2:49:54	2:09:18	3:17:45	-	-	-	-	-	-	-	2:04:02	3:40:22	5:47:18	8:08:51	9:53:38	12:16:24	15:06:18	17:15:36	20:33:21	-	-	-	-	-	-
109	Jennifer Shultis	Jennifer	Shultis	50-59	Female	DNF	2:07:05	1:46:12	2:23:13	2:36:01	2:00:45	2:39:13	2:51:39	2:26:12	3:15:49	-	-	-	-	-	-	-	2:07:06	3:53:18	6:16:31	8:52:32	10:53:17	13:32:30	16:24:09	18:50:21	22:06:10	-	-	-	-	-	-
33	Mitchell Gillogly	Mitchell	Gillogly	30-39	Male	DNF	1:59:22	1:31:16	2:06:18	2:16:35	1:52:14	2:23:31	3:06:03	3:49:10	3:26:10	-	-	-	-	-	-	-	1:59:22	3:30:38	5:36:56	7:53:31	9:45:45	12:09:16	15:15:19	19:04:29	22:30:39	-	-	-	-	-	-
101	Paul Reader	Paul	Reader	60-69	Male	DNF	1:56:51	1:33:42	2:14:04	2:45:45	2:03:27	2:39:56	3:07:02	2:44:24	3:34:00	-	-	-	-	-	-	-	1:56:51	3:30:33	5:44:37	8:30:22	10:33:50	13:13:46	16:20:47	19:05:12	22:39:12	-	-	-	-	-	-
47	Miki Hyun	Miki	Hyun	60-69	Male	DNF	2:04:20	1:30:46	2:01:45	2:17:29	1:47:02	2:17:00	2:49:18	2:38:27	5:21:50	-	-	-	-	-	-	-	2:04:20	3:35:06	5:36:51	7:54:20	9:41:22	11:58:22	14:47:40	17:26:07	22:47:57	-	-	-	-	-	-
81	Terry Miller	Terry	Miller	50-59	Male	DNF	1:59:32	1:41:16	2:21:36	2:37:19	2:00:55	2:48:40	3:29:06	2:27:40	3:29:43	-	-	-	-	-	-	-	1:59:33	3:40:49	6:02:25	8:39:44	10:40:39	13:29:19	16:58:25	19:26:05	22:55:48	-	-	-	-	-	-
55	Mamoru Kimura	Mamoru	Kimura	60-69	Male	DNF	2:32:05	1:57:40	2:29:23	2:40:35	1:59:53	2:43:07	2:57:25	2:34:21	4:23:48	-	-	-	-	-	-	-	2:32:05	4:29:45	6:59:08	9:39:43	11:39:36	14:22:43	17:20:08	19:54:28	24:18:16	-	-	-	-	-	-
79	Ken Michal	Ken	Michal	50-59	Male	DNF	2:19:55	1:49:02	2:27:28	2:41:08	2:08:20	3:00:39	3:23:41	2:23:24	5:33:28	-	-	-	-	-	-	-	2:19:55	4:08:57	6:36:26	9:17:33	11:25:54	14:26:33	17:50:14	20:13:38	25:47:06	-	-	-	-	-	-
36	Roman Gratteri	Roman	Gratteri	40-49	Male	DNF	2:04:32	1:26:16	1:51:56	1:58:27	1:29:57	1:51:39	2:05:28	1:42:16	-	-	-	-	-	-	-	-	2:04:32	3:30:48	5:22:44	7:21:10	8:51:07	10:42:47	12:48:14	14:30:31	-	-	-	-	-	-	-
5	Cynthia Bartus	Cynthia	Bartus	40-49	Female	DNF	1:54:03	1:31:39	2:07:28	2:26:53	1:52:54	2:26:29	3:20:57	2:28:39	-	-	-	-	-	-	-	-	1:54:04	3:25:43	5:33:10	8:00:03	9:52:57	12:19:26	15:40:23	18:09:03	-	-	-	-	-	-	-
10	Filip Boelen	Filip	Boelen	40-49	Male	DNF	1:57:14	1:25:25	2:18:38	2:45:53	1:53:19	2:38:08	3:08:34	2:39:18	-	-	-	-	-	-	-	-	1:57:14	3:22:40	5:41:17	8:27:10	10:20:29	12:58:37	16:07:11	18:46:30	-	-	-	-	-	-	-
91	Tim Peterman	Tim	Peterman	40-49	Male	DNF	1:53:14	1:36:00	1:56:41	2:16:52	1:46:25	2:12:33	3:27:20	-	-	-	-	-	-	-	-	-	1:53:14	3:29:15	5:25:56	7:42:48	9:29:13	11:41:46	15:09:07	-	-	-	-	-	-	-	-
75	Christopher Mayor	Christopher	Mayor	40-49	Male	DNF	1:58:31	1:32:12	2:13:45	2:38:27	1:53:38	2:24:08	3:17:34	-	-	-	-	-	-	-	-	-	1:58:32	3:30:43	5:44:29	8:22:56	10:16:34	12:40:43	15:58:16	-	-	-	-	-	-	-	-
21	Benjamin Dacko	Benjamin	Dacko	40-49	Male	DNF	2:04:49	1:35:20	2:10:13	2:21:43	1:58:06	2:45:29	3:38:42	-	-	-	-	-	-	-	-	-	2:04:49	3:40:09	5:50:22	8:12:05	10:10:11	12:55:39	16:34:21	-	-	-	-	-	-	-	-
7	Chris Bassett	Chris	Bassett	50-59	Male	DNF	1:41:54	1:23:47	2:00:22	2:23:51	1:58:24	2:58:03	-	-	-	-	-	-	-	-	-	-	1:41:54	3:05:41	5:06:03	7:29:54	9:28:18	12:26:21	-	-	-	-	-	-	-	-	-
110	James Shutts	James	Shutts	30-39	Male	DNF	2:03:16	1:33:56	2:11:55	2:23:06	1:46:34	2:31:50	-	-	-	-	-	-	-	-	-	-	2:03:16	3:37:12	5:49:08	8:12:14	9:58:48	12:30:38	-	-	-	-	-	-	-	-	-
117	Joseph Stork	Joseph	Stork	50-59	Male	DNF	1:59:19	1:31:46	2:05:50	2:27:11	1:59:04	2:45:03	-	-	-	-	-	-	-	-	-	-	1:59:19	3:31:05	5:36:55	8:04:06	10:03:10	12:48:13	-	-	-	-	-	-	-	-	-
103	Will Rivera	Will	Rivera	50-59	Male	DNF	1:59:24	1:30:31	2:03:36	2:29:42	2:04:48	2:46:17	-	-	-	-	-	-	-	-	-	-	1:59:24	3:29:55	5:33:31	8:03:13	10:08:01	12:54:18	-	-	-	-	-	-	-	-	-
93	Shane Peterson	Shane	Peterson	30-39	Male	DNF	2:04:33	1:31:36	2:11:16	2:32:58	2:00:15	2:48:44	-	-	-	-	-	-	-	-	-	-	2:04:34	3:36:09	5:47:25	8:20:23	10:20:38	13:09:22	-	-	-	-	-	-	-	-	-
108	Gary Shaw	Gary	Shaw	40-49	Male	DNF	2:15:14	1:42:31	2:15:07	2:34:05	1:54:51	2:47:27	-	-	-	-	-	-	-	-	-	-	2:15:15	3:57:46	6:12:53	8:46:58	10:41:50	13:29:16	-	-	-	-	-	-	-	-	-
92	Jeremy Peterson	Jeremy	Peterson	30-39	Male	DNF	2:12:24	1:45:23	2:18:53	2:43:08	1:56:11	2:49:44	-	-	-	-	-	-	-	-	-	-	2:12:24	3:57:47	6:16:40	8:59:49	10:56:00	13:45:44	-	-	-	-	-	-	-	-	-
12	Bob Brashear	Bob	Brashear	60-69	Male	DNF	2:18:14	1:53:17	2:42:20	2:59:14	2:33:15	3:29:25	-	-	-	-	-	-	-	-	-	-	2:18:14	4:11:31	6:53:52	9:53:05	12:26:21	15:55:46	-	-	-	-	-	-	-	-	-
51	Pedro Jimenez	Pedro	Jimenez	40-49	Male	DNF	2:14:01	1:59:45	2:44:20	3:05:59	2:22:44	3:29:12	-	-	-	-	-	-	-	-	-	-	2:14:02	4:13:47	6:58:07	10:04:06	12:26:51	15:56:03	-	17:41:38	-	-	-	-	-	-	-
72	Matt Magardo	Matt	Magardo	30-39	Male	DNF	2:06:12	1:43:01	2:19:44	3:11:01	2:34:30	-	-	-	-	-	-	-	-	-	-	-	2:06:12	3:49:13	6:08:58	9:19:59	11:54:29	-	-	-	-	-	-	-	-	-	-
68	Cory Logsdon	Cory	Logsdon	30-39	Male	DNF	1:22:11	1:03:01	1:26:24	1:41:09	-	-	-	-	-	-	-	-	-	-	-	-	1:22:12	2:25:13	3:51:38	5:32:47	-	-	-	-	-	-	-	-	-	-	-
82	Maria Miranda	Maria	Miranda	40-49	Female	DNF	2:48:31	2:37:37	4:15:54	5:53:34	-	-	-	-	-	-	-	-	-	-	-	-	2:48:32	5:26:08	9:42:02	15:35:37	-	-	-	-	-	-	-	-	-	-	-
45	Robert Hori	Robert	Hori	50-59	Male	DNF	1:55:05	1:39:34	3:04:31	-	-	-	-	-	-	-	-	-	-	-	-	-	1:55:06	3:34:40	6:39:11	-	-	-	-	-	-	-	-	-	-	-	-
118	Stephen Strauss	Stephen	Strauss	70-79	Male	DNF	3:10:00	3:20:22	-	-	-	-	-	-	-	-	-	-	-	-	-	-	3:10:01	6:30:23	-	-	-	-	-	-	-	-	-	-	-	-	-
